{
    "LesChampions": [{
        "nom": "Aatrox",
        "lore": "Blablabla...",
        "hp": "561",
        "mp": "0",
        "armor": "34",
        "mr": "34",
        "asp": "0.651",
        "ms": "350",
        "ad": "71",
        "ap": "0"
    },
    {
        "nom": "Nasus",
        "lore": "Blablabla...",
        "hp": "561",
        "mp": "0",
        "armor": "34",
        "mr": "34",
        "asp": "0.651",
        "ms": "350",
        "ad": "71",
        "ap": "0"
    }, 
    {
        "nom": "Ahri",
        "lore": "Blablabla...",
        "hp": "561",
        "mp": "0",
        "armor": "34",
        "mr": "34",
        "asp": "0.651",
        "ms": "350",
        "ad": "71",
        "ap": "0"
    },
    {
        "nom": "Katarina",
        "lore": "Blablabla...",
        "hp": "561",
        "mp": "0",
        "armor": "34",
        "mr": "34",
        "asp": "0.651",
        "ms": "350",
        "ad": "71",
        "ap": "0"
    },{
        "nom": "Pantheon",
        "lore": "Blablabla...",
        "hp": "561",
        "mp": "0",
        "armor": "34",
        "mr": "34",
        "asp": "0.651",
        "ms": "350",
        "ad": "71",
        "ap": "0"
    },{
        "nom": "Ashe",
        "lore": "Blablabla...",
        "hp": "561",
        "mp": "0",
        "armor": "34",
        "mr": "34",
        "asp": "0.651",
        "ms": "350",
        "ad": "71",
        "ap": "0"
    },{
        "nom": "Taliyah",
        "lore": "Blablabla...",
        "hp": "561",
        "mp": "0",
        "armor": "34",
        "mr": "34",
        "asp": "0.651",
        "ms": "350",
        "ad": "71",
        "ap": "0"
    },{
        "nom": "Sylas",
        "lore": "Blablabla...",
        "hp": "561",
        "mp": "0",
        "armor": "34",
        "mr": "34",
        "asp": "0.651",
        "ms": "350",
        "ad": "71",
        "ap": "0"
    },{
        "nom": "Illaoi",
        "lore": "Blablabla...",
        "hp": "561",
        "mp": "0",
        "armor": "34",
        "mr": "34",
        "asp": "0.651",
        "ms": "350",
        "ad": "71",
        "ap": "0"
    },{
        "nom": "Lucian",
        "lore": "Blablabla...",
        "hp": "561",
        "mp": "0",
        "armor": "34",
        "mr": "34",
        "asp": "0.651",
        "ms": "350",
        "ad": "71",
        "ap": "0"
    }]
    }