{
    "lesObjets": [{
        "nom" : "Blade of the Ruined King",
        "description": "Blablabla",
        "hp_sup": "0",
        "mp_sup": "0",
        "armor_sup": "0",
        "mr_sup": "0",
        "asp_sup": "+30",
        "ms_sup": "0",
        "ad_sup": "20",
        "ap_sup": "0"
    },{
        "nom" : "Doran's Blade",
        "description": "Blablabla",
        "hp_sup": "0",
        "mp_sup": "0",
        "armor_sup": "0",
        "mr_sup": "0",
        "asp_sup": "+30",
        "ms_sup": "0",
        "ad_sup": "20",
        "ap_sup": "0"
    },{
        "nom" : "Doran's Ring",
        "description": "Blablabla",
        "hp_sup": "0",
        "mp_sup": "0",
        "armor_sup": "0",
        "mr_sup": "0",
        "asp_sup": "+30",
        "ms_sup": "0",
        "ad_sup": "20",
        "ap_sup": "0"
    },{
        "nom" : "Doran's Shield",
        "description": "Blablabla",
        "hp_sup": "0",
        "mp_sup": "0",
        "armor_sup": "0",
        "mr_sup": "0",
        "asp_sup": "+30",
        "ms_sup": "0",
        "ad_sup": "20",
        "ap_sup": "0"
    },{
        "nom" : "Hextech Gunblade",
        "description": "Blablabla",
        "hp_sup": "0",
        "mp_sup": "0",
        "armor_sup": "0",
        "mr_sup": "0",
        "asp_sup": "+30",
        "ms_sup": "0",
        "ad_sup": "20",
        "ap_sup": "0"
    },{
        "nom" : "Infinity Edge",
        "description": "Blablabla",
        "hp_sup": "0",
        "mp_sup": "0",
        "armor_sup": "0",
        "mr_sup": "0",
        "asp_sup": "+30",
        "ms_sup": "0",
        "ad_sup": "20",
        "ap_sup": "0"
    },{
        "nom" : "Thornmail",
        "description": "Blablabla",
        "hp_sup": "0",
        "mp_sup": "0",
        "armor_sup": "0",
        "mr_sup": "0",
        "asp_sup": "+30",
        "ms_sup": "0",
        "ad_sup": "20",
        "ap_sup": "0"
    },{
        "nom" : "Warmog's Armor",
        "description": "Blablabla",
        "hp_sup": "0",
        "mp_sup": "0",
        "armor_sup": "0",
        "mr_sup": "0",
        "asp_sup": "+30",
        "ms_sup": "0",
        "ad_sup": "20",
        "ap_sup": "0"
    },{
        "nom" : "Youmuu's Ghostblade",
        "description": "Blablabla",
        "hp_sup": "0",
        "mp_sup": "0",
        "armor_sup": "0",
        "mr_sup": "0",
        "asp_sup": "+30",
        "ms_sup": "0",
        "ad_sup": "20",
        "ap_sup": "0"
    }]
}